Task ID,Subject,Start Date,End Date,Start Time,End Time
JN087-001,[JN087 Jimmy] Signed acceptance proposal,02/09/26,02/09/26,14:30,15:30
JN087-002,[JN087 Jimmy] Deposit Paid,04/09/26,04/09/26,14:30,15:30
JN087-003,[JN087 Jimmy] Appliances in factory,09/09/26,09/09/26,14:30,15:30
JN087-004,[JN087 Jimmy] Final Measure,23/09/26,23/09/26,14:30,15:30
JN087-005,[JN087 Jimmy] Product ordered,30/09/26,30/09/26,14:30,15:30
JN087-006,[JN087 Jimmy] Option for Client to View,14/10/26,14/10/26,14:30,15:30
JN087-007,[JN087 Jimmy] Electrician to Disconnect Kitchen,16/10/26,16/10/26,14:30,15:30
JN087-008,[JN087 Jimmy] Plaster & Paint,22/10/26,22/10/26,14:30,15:30
JN087-009,[JN087 Jimmy] Pick up cabinetry from Paint,29/10/26,29/10/26,14:30,15:30
